{
  "initial_balance": 1000.0,
  "final_balance": 893.4184413846427,
  "total_return_pct": -10.658155861535727,
  "annual_return_pct": -5.021448820317809,
  "max_drawdown_pct": 17.072288078708333,
  "sharpe_ratio": -0.10627484472592318,
  "total_trades": 263,
  "winning_trades": 115,
  "losing_trades": 148,
  "win_rate": 43.72623574144487,
  "profit_factor": 0.8554187006190215,
  "liquidations": 2,
  "dca_count": 0,
  "grid_tp_count": 0,
  "total_pnl": -106.58155861535751,
  "max_consecutive_losses": 8,
  "trading_period_years": 2.187542778918549
}